source,target,tgt_lng
Obedient Democracy Support Troopers Legendary Warbond,民主光环驰援部队传奇战争债券,zh-CN
Helldivers 2 X Warhammer 40k Legendary Warbond,卡斯特兰信条传奇战争债券,zh-CN
Democratic Detonation Premium Warbond,民主爆破尊享战争债券,zh-CN
Righteous Revenants Legendary Warbond,正义复仇者传奇战争债券,zh-CN
Entrenched Division Premium Warbond,堑壕之师尊享战争债券,zh-CN
Masters of Ceremony Premium Warbond,典礼官尊享战争债券,zh-CN
Obedient Democracy Support Troopers,民主光环驰援部队,zh-CN
Servants of Freedom Premium Warbond,自由公仆尊享战争债券,zh-CN
Borderline Justice Premium Warbond,临界正义尊享战争债券,zh-CN
Ironclad Democracy Premium Warbond,铁甲民主尊享战争债券,zh-CN
Redacted Regiment Premium Warbond,绝密军团尊享战争债券,zh-CN
Python Commandos Premium Warbond,蟒蛇突击兵尊享战争债券,zh-CN
Steeled Veterans Premium Warbond,铁血老兵尊享战争债券,zh-CN
"AX/TX-13 ""Guard Dog"" Dog Breath",AX/TX-13 腐息,zh-CN
Chemical Agents Premium Warbond,化学专家尊享战争债券,zh-CN
Freedom's Flame Premium Warbond,自由烈焰尊享战争债券,zh-CN
Freedom’s Flame Premium Warbond,自由烈焰尊享战争债券,zh-CN
GL-28 Belt-Fed Grenade Launcher,GL-28 弹链式榴弹发射器,zh-CN
Kinetic Displacement Mitigation,动能位移减缓,zh-CN
Patriotic Administration Center,爱国行政中心,zh-CN
R-63CS Diligence Counter Sniper,R-63CS 反狙击“勤勉”,zh-CN
SH-20 Ballistic Shield Backpack,SH-20 防弹护盾背包,zh-CN
Truth Enforcers Premium Warbond,真理执行者尊享战争债券,zh-CN
Viper Commandos Premium Warbond,毒蛇突击兵尊享战争债券,zh-CN
Cloak of Posterity's Gratitude,后族怀恩披风,zh-CN
Cloak of Posterity’s Gratitude,后族怀恩披风,zh-CN
"Concussive Padding, Reinforced",防震内衬（强化型）,zh-CN
Destroy Rogue Research Station,叛变科研站,zh-CN
Polar Patriots Premium Warbond,极地爱国者尊享战争债券,zh-CN
R/40-K Hot-Shot Marksman Rifle,R/40-K 高能精确射手步枪,zh-CN
RL-77 Airburst Rocket Launcher,RL-77 空爆火箭弹发射器,zh-CN
Siege Breakers Premium Warbond,破围先锋尊享战争债券,zh-CN
Compromise Automaton Defenses,破坏机器人的防御系统,zh-CN
Control Group Premium Warbond,变量控制尊享战争债券,zh-CN
MD-6 Anti-Personnel Minefield,MD-6 反步兵雷区,zh-CN
SG-225SP Breaker Spray & Pray,SG-225SP 千发百中“破裂者”,zh-CN
Urban Legends Premium Warbond,都市传奇尊享战争债券,zh-CN
Cross-Platform Compatibility,跨平台兼容,zh-CN
Cutting Edge Premium Warbond,遥遥领先尊享战争债券,zh-CN
E/GL-21 Grenadier Battlement,E/GL-21 掷弹兵防卫墙,zh-CN
Force of Law Premium Warbond,法律铁腕尊享战争债券,zh-CN
FX-12 Shield Generator Relay,FX-12 防护罩生成中继器,zh-CN
Helldivers 2 X Warhammer 40k,卡斯特兰信条,zh-CN
Superior Packing Methodology,高级装填法,zh-CN
AR-23C Liberator Concussive,AR-23C 震荡“解放者”,zh-CN
AR-23P Liberator Penetrator,AR-23P 穿甲“解放者”,zh-CN
CE-07 Demolition Specialist,CE-07“拆除专家”,zh-CN
Dust Devils Premium Warbond,尘卷风尊享战争债券,zh-CN
EAT-17 Expendable Anti-Tank,EAT-17 消耗性反坦克武器,zh-CN
Exo Experts Premium Warbond,外骨骼装甲专家尊享战争债券,zh-CN
EXO-55 Breakthrough Exosuit,EXO-55 “突破”外骨骼装甲,zh-CN
Helldivers Mobilize Warbond,绝地潜兵总动员！战争债券,zh-CN
SG-225IE Breaker Incendiary,SG-225IE 高燃“破裂者”,zh-CN
SG-225SP Breaker Spray&Pray,SG-225SP 千发百中“破裂者”,zh-CN
SH-32 Shield Generator Pack,SH-32 防护罩生成包,zh-CN
Streamlined Request Process,简化申请流程,zh-CN
A/MG-43 Machine Gun Sentry,A/MG-43 哨戒机枪,zh-CN
"AX/LAS-5 ""Guard Dog"" Rover",AX/LAS-5 漫游车,zh-CN
EXO-49 Emancipator Exosuit,EXO-49 “解放者”外骨骼装甲,zh-CN
Jet Brigade Hulk Scorchers,喷气旅巨型炙炎者,zh-CN
Mantle of True Citizenship,忠诚公民之斗篷,zh-CN
Orbital Illumination Flare,轨道照明弹,zh-CN
SG-88 Break-Action Shotgun,SG-88 中折式霰弹枪,zh-CN
Streamlined Launch Process,简化发射流程,zh-CN
Targeting Software Upgrade,目标瞄准软件升级,zh-CN
A/GM-17 Gas Mortar Sentry,A/GM-17 瓦斯迫击哨戒炮,zh-CN
APW-1 Anti-Materiel Rifle,APW-1 反器材步枪,zh-CN
Ballistic Shield Backpack,防弹护盾背包,zh-CN
Belt-Fed Grenade Launcher,弹链式榴弹发射器,zh-CN
Conflagration Devastators,烈火蹂躏者,zh-CN
EAT-700 Expendable Napalm,EAT-700 消耗性凝固汽油弹,zh-CN
Federation of Super Earth,超级地球联邦,zh-CN
Incendiary MG Devastators,燃烧机枪蹂躏者,zh-CN
Incendiary Rocket Raiders,燃烧火箭奇袭者,zh-CN
Jet Brigade Hulk Bruisers,喷气旅巨型碾压者,zh-CN
Jet Brigade Hulk Scorcher,喷气旅巨型炙炎者,zh-CN
LAS-17 Double-Edge Sickle,LAS-17 双刃镰刀,zh-CN
Liquid-Ventilated Cockpit,液态通风驾驶舱,zh-CN
Orbital Railcannon Strike,轨道炮攻击,zh-CN
Payroll Management System,薪资管理系统,zh-CN
PLAS-39 Accelerator Rifle,PLAS-39 加速步枪,zh-CN
Reinforced Scout Striders,强化侦察纵步者,zh-CN
Synthetic Supplementation,合成补给,zh-CN
A/AC-8 Autocannon Sentry,A/AC-8 自动哨戒炮,zh-CN
A/M-23 EMS Mortar Sentry,A/M-23 电磁冲击波迫击哨戒炮,zh-CN
Airburst Rocket Launcher,空爆火箭弹发射器,zh-CN
Anti-Personnel Minefield,反步兵雷区,zh-CN
AR-23A Liberator Carbine,AR-23A “解放者”卡宾枪,zh-CN
Conflagration Devastator,烈火蹂躏者,zh-CN
CQC-73 Entrenchment Tool,CQC-73 堑壕工具,zh-CN
Diligence Counter Sniper,反狙击“勤勉”,zh-CN
E/MG-101 HMG Emplacement,E/MG-101 重机枪部署支架,zh-CN
Incendiary MG Devastator,燃烧机枪蹂躏者,zh-CN
Incendiary Rocket Raider,燃烧火箭奇袭者,zh-CN
Jet Brigade Hulk Bruiser,喷气旅巨型碾压者,zh-CN
Light of Eternal Liberty,永恒自由之光,zh-CN
MG-206 Heavy Machine Gun,MG-206 重机枪,zh-CN
Orbital 120mm HE Barrage,轨道120MM高爆弹火力网,zh-CN
Orbital 380mm HE Barrage,轨道380MM高爆弹火力网,zh-CN
Orbital Precision Strike,轨道精准攻击,zh-CN
Reinforced Scout Strider,强化侦察纵步者,zh-CN
SH-51 Directional Shield,SH-51 定向护盾,zh-CN
StA-X3 W.A.S.P. Launcher,StA-X3 W.A.S.P.发射器,zh-CN
Super Earth Armed Forces,超级地球武装部队,zh-CN
B-100 Portable Hellbomb,B-100 便携式地狱火炸弹,zh-CN
Call In Super Destroyer,呼叫超级驱逐舰,zh-CN
CB-9 Exploding Crossbow,CB-9 爆燃弩,zh-CN
CQC-20 Breaching Hammer,CQC-20 破门锤,zh-CN
Donation Access License,捐赠物资使用许可,zh-CN
Eagle 110mm Rocket Pods,“飞鹰”110MM火箭巢,zh-CN
EXO-51 Lumberer Exosuit,EXO-51 “伐木者”外骨骼装甲,zh-CN
Fallen Hero's Vengeance,陨落英雄之崛起,zh-CN
Fallen Hero’s Vengeance,陨落英雄之崛起,zh-CN
High-Density Explosives,高密度炸药,zh-CN
Jet Brigade Devastators,喷气旅蹂躏者,zh-CN
Orbital Airburst Strike,轨道空爆攻击,zh-CN
Orbital Gatling Barrage,轨道加特林火力网,zh-CN
Orbital Walking Barrage,轨道游走火力网,zh-CN
SC-30 Trailblazer Scout,SC-30“开路侦察兵”,zh-CN
Spore Burst Bile Titans,孢裂吐酸泰坦,zh-CN
Supplemental Adrenaline,肾上腺素补充剂,zh-CN
A/FLAM-40 Flame Sentry,A/FLAM-40 火焰喷射哨戒炮,zh-CN
A/MLS-4X Rocket Sentry,A/MLS-4X 火箭哨戒炮,zh-CN
Advanced Crew Training,高级船员训练,zh-CN
Atmospheric Monitoring,大气监测,zh-CN
Blunt-Force Mitigation,钝击创伤缓和,zh-CN
CM-21 Trench Paramedic,CM-21“战壕护理员”,zh-CN
CQC-9 Defoliation Tool,CQC-9 除叶工具,zh-CN
Eagle Napalm Airstrike,“飞鹰”凝固汽油弹空袭,zh-CN
EXO-45 Patriot Exosuit,EXO-45 “爱国者”外骨骼装甲,zh-CN
G-13 Incendiary Impact,G-13 燃烧冲击弹,zh-CN
GL-21 Grenade Launcher,GL-21 榴弹发射器,zh-CN
High-Quality Lubricant,优质润滑剂,zh-CN
Jet Brigade Commissars,喷气旅机械统帅,zh-CN
Jet Brigade Devastator,喷气旅蹂躏者,zh-CN
Jet Brigade MG Raiders,喷气旅机枪奇袭者,zh-CN
MD-I4 Incendiary Mines,MD-I4 燃烧地雷,zh-CN
Orbital Napalm Barrage,轨道凝固汽油弹火力网,zh-CN
Shield Generator Relay,防护罩生成中继器,zh-CN
Spore Burst Bile Titan,孢裂吐酸泰坦,zh-CN
Spore Burst Scavengers,孢裂食腐虫,zh-CN
Unblemished Allegiance,无瑕忠诚,zh-CN
A/G-16 Gatling Sentry,A/G-16 加特林哨戒炮,zh-CN
A/LAS-98 Laser Sentry,A/LAS-98 激光哨戒炮,zh-CN
Advanced Construction,高级构造,zh-CN
Democratic Detonation,民主爆破,zh-CN
GR-8 Recoilless Rifle,GR-8 无后坐力炮,zh-CN
Integrated Explosives,集成炸药,zh-CN
Jet Brigade Commissar,喷气旅机械统帅,zh-CN
Jet Brigade MG Raider,喷气旅机枪奇袭者,zh-CN
M-104 Incinerator FRV,M-104 炽灼型快速侦察载具,zh-CN
Reinforced Epaulettes,强化肩章,zh-CN
SG-8P Punisher Plasma,SG-8P 等离子“制裁者”,zh-CN
Shield Generator Pack,防护罩生成包,zh-CN
Spore Burst Scavenger,孢裂食腐虫,zh-CN
Tactical Video Camera,战术摄像机,zh-CN
TD-220 Bastion MK XVI,TD-220 堡垒MK XVI,zh-CN
Zero-G Breech Loading,零重力后膛装弹,zh-CN
A/M-12 Mortar Sentry,A/M-12 迫击哨戒炮,zh-CN
Adreno-Defibrillator,肾上腺素除颤器,zh-CN
AF-50 Noxious Ranger,AF-50“毒瘴游骑兵”,zh-CN
Anti-Air Emplacement,防空炮台,zh-CN
"AX/AR-23 ""Guard Dog""",AX/AR-23 “护卫犬”,zh-CN
Bastion of Integrity,忠义堡垒,zh-CN
Break-Action Shotgun,中折式霰弹枪,zh-CN
Breakthrough Exosuit,“突破”外骨骼装甲,zh-CN
CQC-5 Combat Hatchet,CQC-5 战斗短柄斧,zh-CN
DBS-2 Double Freedom,DBS-2 双重自由,zh-CN
Defensive Stratagems,防御战略配备,zh-CN
Expanded Weapons Bay,武器舱扩容,zh-CN
Expendable Anti-Tank,消耗性反坦克武器,zh-CN
FLAM-40 Flamethrower,FLAM-40 火焰喷射器,zh-CN
GP-31 Grenade Pistol,GP-31 榴弹手枪,zh-CN
Grenadier Battlement,掷弹兵防卫墙,zh-CN
Illuminate Overships,光能者统御舰,zh-CN
Independence Bringer,独立先驱,zh-CN
Jet Brigade Troopers,喷气旅装甲兵,zh-CN
LAS-99 Quasar Cannon,LAS-99 类星体加农炮,zh-CN
Liberator Concussive,震荡“解放者”,zh-CN
Liberator Penetrator,穿甲“解放者”,zh-CN
Offensive Stratagems,进攻战略配备,zh-CN
Orbital Smoke Strike,轨道烟雾攻击,zh-CN
Portable Comms Relay,便携式通信中继站,zh-CN
Shock Absorption Gel,减震凝胶,zh-CN
Spore Burst Warriors,孢裂武斗虫,zh-CN
StA-52 Assault Rifle,StA-52 突击步枪,zh-CN
A/ARC-3 Tesla Tower,A/ARC-3 特斯拉塔,zh-CN
Advanced Filtration,高级过滤能力,zh-CN
Anti-Materiel Rifle,反器材步枪,zh-CN
AX/TX-13 Dog Breath,AX/TX-13 腐息,zh-CN
CQC-1 One True Flag,CQC-1 唯一真旗,zh-CN
Eagle Gas Airstrike,“飞鹰”毒气空袭,zh-CN
Emancipator Exosuit,“解放者”外骨骼装甲,zh-CN
Enhanced Combustion,强化燃烧,zh-CN
Entrenched Division,堑壕之师,zh-CN
G-12 High Explosive,G-12 高爆弹,zh-CN
Illuminate Overship,光能者统御舰,zh-CN
Jet Brigade Trooper,喷气旅装甲兵,zh-CN
LAS-98 Laser Cannon,LAS-98 激光大炮,zh-CN
LIFT-860 Hover Pack,LIFT-860 悬浮背包,zh-CN
Masters of Ceremony,典礼官,zh-CN
MGX-42 Bullet Storm,MGX-42 子弹风暴,zh-CN
Morale Augmentation,提升士气,zh-CN
P-33 Missile Pistol,P-33 制导手枪,zh-CN
Pit Crew Hazard Pay,维修人员危险津贴,zh-CN
R-2124 Constitution,R-2124 宪法,zh-CN
Rapid Launch System,疾速发射系统,zh-CN
Righteous Revenants,正义复仇者,zh-CN
Servants of Freedom,自由公仆,zh-CN
Spore Burst Hunters,孢裂追猎虫,zh-CN
Spore Burst Warrior,孢裂武斗虫,zh-CN
AX/AR-23 Guard Dog,AX/AR-23 “护卫犬”,zh-CN
AX/FLAM-75 Hot Dog,AX/FLAM-75 热狗,zh-CN
B/FLAM-80 Cremator,B/FLAM-80 焚燃者,zh-CN
Borderline Justice,临界正义,zh-CN
Breaker Incendiary,高燃“破裂者”,zh-CN
Breaker Spray&Pray,千发百中“破裂者”,zh-CN
Crescent Overseers,新月监视者,zh-CN
CW-4 Arctic Ranger,CW-4“极地游骑兵”,zh-CN
Democracy Protects,民主护佑,zh-CN
Directional Shield,定向护盾,zh-CN
Double-Edge Sickle,双刃镰刀,zh-CN
Eagle Cluster Bomb,“飞鹰”集束炸弹,zh-CN
Eagle Smoke Strike,“飞鹰”烟雾攻击,zh-CN
Eagle Strafing Run,“飞鹰”机枪扫射,zh-CN
Electrical Conduit,电路导管,zh-CN
Elevated Overseers,崇高监视者,zh-CN
Exploding Crossbow,爆燃弩,zh-CN
Exploding Shrapnel,高爆弹片,zh-CN
Fast Recon Vehicle,快速侦察载具,zh-CN
GL-52 De-Escalator,GL-52 缓和使者,zh-CN
Incineration Corps,炽灼部队,zh-CN
Ironclad Democracy,铁甲民主,zh-CN
K-2 Throwing Knife,K-2 飞刀,zh-CN
LIFT-182 Warp Pack,LIFT-182 传送背包,zh-CN
LIFT-850 Jump Pack,LIFT-850 喷射背包,zh-CN
MA5C Assault Rifle,MA5C 突击步枪,zh-CN
Machine Gun Sentry,哨戒机枪,zh-CN
Mission Objectives,任务目标,zh-CN
Mission Stratagems,任务所需战略配备,zh-CN
Mortar Emplacement,迫击炮台,zh-CN
Orbital EMS Strike,轨道电磁冲击波攻击,zh-CN
Orbital Gas Strike,轨道毒气攻击,zh-CN
P/40-K Bolt Pistol,P/40-K 爆弹手枪,zh-CN
Reinforcement Pods,增援太空舱,zh-CN
Rocket Devastators,火箭蹂躏者,zh-CN
SMG/FLAM-34 Stoker,SMG/FLAM-34 司炉者,zh-CN
Spore Burst Hunter,孢裂追猎虫,zh-CN
Spore Burst Strain,孢裂变种,zh-CN
SR-24 Street Scout,SR-24“街头侦察兵”,zh-CN
Stars and Suffrage,群星与选举之披肩,zh-CN
Weapon Attachments,武器配件,zh-CN
Will of the People,人民的意志,zh-CN
Accelerator Rifle,加速步枪,zh-CN
Agent of Oblivion,湮灭使者,zh-CN
Annihilator Tanks,湮灭坦克,zh-CN
ARC-3 Arc Thrower,ARC-3 电弧发射器,zh-CN
Autocannon Sentry,自动哨戒炮,zh-CN
B-08 Light Gunner,B-08“轻装枪手”,zh-CN
Ballistic Padding,防弹内衬,zh-CN
Blazing Samaritan,慈心闪耀,zh-CN
BR-14 Adjudicator,BR-14 审判者,zh-CN
Charger Behemoths,巨兽级强袭虫,zh-CN
Circuit Expansion,扩建电路,zh-CN
CQC-19 Stun Lance,CQC-19 眩晕长矛,zh-CN
CQC-30 Stun Baton,CQC-30 眩晕短棍,zh-CN
Crescent Overseer,新月监视者,zh-CN
Dark Fluid Vessel,暗液体容器,zh-CN
Deploy Dark Fluid,部署暗液体,zh-CN
Elevated Overseer,崇高监视者,zh-CN
EMS Mortar Sentry,电磁冲击波迫击哨戒炮,zh-CN
Entrenchment Tool,堑壕工具,zh-CN
EX-00 Prototype X,EX-00“原型X”,zh-CN
Expendable Napalm,消耗性凝固汽油弹,zh-CN
G-48 Giga Grenade,G-48 千兆,zh-CN
G/40-K Melta Mine,G/40-K 热熔地雷,zh-CN
Gas Mortar Sentry,瓦斯迫击哨戒炮,zh-CN
Heavy Devastators,重型蹂躏者,zh-CN
Heavy Machine Gun,重机枪,zh-CN
Hulk Obliterators,巨型抹煞者,zh-CN
Incendiary Impact,燃烧冲击弹,zh-CN
Legendary Warbond,传奇战争债券,zh-CN
Liberator Carbine,“解放者”卡宾枪,zh-CN
Managed Democracy,管理式民主,zh-CN
MG-43 Machine Gun,MG-43 机枪,zh-CN
PLAS-101 Purifier,PLAS-101 净化者,zh-CN
Portable Hellbomb,便携式地狱火炸弹,zh-CN
Predator Stalkers,掠食追踪虫,zh-CN
Redacted Regiment,绝密军团,zh-CN
Reduced Signature,隐迹潜踪,zh-CN
Requisition Slips,申购点,zh-CN
Rocket Devastator,火箭蹂躏者,zh-CN
SC-34 Infiltrator,SC-34“深入敌阵”,zh-CN
SC-37 Legionnaire,SC-37 “军团士兵”,zh-CN
Secondary Weapons,次要武器,zh-CN
SG-22 Bushwhacker,SG-22 游击兵,zh-CN
Supply Stratagems,补给战略配备,zh-CN
Alpha Commanders,阿尔法指挥官,zh-CN
Annihilator Tank,湮灭坦克,zh-CN
AR-59 Suppressor,AR-59 消音器,zh-CN
AR-61 Tenderizer,AR-61 肉锤,zh-CN
AR/GL-21 One-Two,AR/GL-21 幺二,zh-CN
Blast Absorption,爆炸吸收,zh-CN
Breaching Hammer,破门锤,zh-CN
Brood Commanders,虫族指挥官,zh-CN
Charger Behemoth,巨兽级强袭虫,zh-CN
Defoliation Tool,除叶工具,zh-CN
Dynamic Tracking,动态追踪,zh-CN
Eagle 500kg Bomb,“飞鹰”500KG炸弹,zh-CN
EAT-411 Leveller,EAT-411 荡平者,zh-CN
Factory Striders,移动工厂,zh-CN
FS-38 Eradicator,FS-38“根除者”,zh-CN
Grenade Launcher,榴弹发射器,zh-CN
Heavy Devastator,重型蹂躏者,zh-CN
Hulk Firebombers,巨型烈焰轰炸者,zh-CN
Hulk Obliterator,巨型抹煞者,zh-CN
Liberty's Herald,解放预兆,zh-CN
Liberty’s Herald,解放预兆,zh-CN
Lumberer Exosuit,“伐木者”外骨骼装甲,zh-CN
M-102 Gunner FRV,M-102 炮手快速侦察载具,zh-CN
M-103 Supply FRV,M-103 补给型快速侦察载具,zh-CN
M6C/SOCOM Pistol,M6C/特种作战 手枪,zh-CN
NUX-223 Hellbomb,地狱火炸弹,zh-CN
P-11 Stim Pistol,P-11 治疗剂手枪,zh-CN
P-35 Re-Educator,P-35 思想改造,zh-CN
PLAS-15 Loyalist,PLAS-15 忠诚者,zh-CN
Predator Hunters,掠食追猎虫,zh-CN
Predator Stalker,掠食追踪虫,zh-CN
Python Commandos,蟒蛇突击兵,zh-CN
Recoilless Rifle,无后坐力炮,zh-CN
Requisition Slip,申购点,zh-CN
Rupture Chargers,爆裂强袭虫,zh-CN
Rupture Warriors,爆裂武斗虫,zh-CN
Secondary Weapon,次要武器,zh-CN
SMG-32 Reprimand,SMG-32 训斥,zh-CN
Spread Democracy,传播民主,zh-CN
Standard Warbond,标准战争债券,zh-CN
Steeled Veterans,铁血老兵,zh-CN
Super Earth Flag,超级地球旗帜,zh-CN
TD-110 Maelstrom,TD-110 风暴漩涡,zh-CN
TX-41 Sterilizer,TX-41 灭菌器,zh-CN
AC-8 Autocannon,AC-8 机炮,zh-CN
Alpha Commander,阿尔法指挥官,zh-CN
AR-23 Liberator,AR-23 解放者,zh-CN
Assault Raiders,特攻奇袭者,zh-CN
B-1 Supply Pack,B-1 补给背包,zh-CN
Brood Commander,虫族指挥官,zh-CN
Cargo Container,货物集装箱,zh-CN
Chemical Agents,化学专家,zh-CN
Eagle Airstrike,“飞鹰”空袭,zh-CN
Engineering Kit,工程包,zh-CN
Factory Strider,移动工厂,zh-CN
FLAM-66 Torcher,FLAM-66 火炬手,zh-CN
Freedom's Flame,自由烈焰,zh-CN
G-10 Incendiary,G-10 燃烧弹,zh-CN
GP-20 Ultimatum,GP-20 最后通牒,zh-CN
HMG Emplacement,重机枪部署支架,zh-CN
Hulk Firebomber,巨型烈焰轰炸者,zh-CN
I-09 Heatseeker,I-09“热力追踪”,zh-CN
Incinerator FRV,炽灼型快速侦察载具,zh-CN
JAR-5 Dominator,JAR-5 主宰,zh-CN
Main Objectives,主要目标,zh-CN
Marksman Rifles,精确射手步枪,zh-CN
Mindless Masses,无脑群氓,zh-CN
MLS-4X Commando,MLS-4X 突击兵,zh-CN
MS-11 Solo Silo,MS-11 单兵导弹发射井,zh-CN
Nursing Spewers,抚育喷涌虫,zh-CN
Orbital Strikes,轨道攻击,zh-CN
Patriot Exosuit,“爱国者”外骨骼装甲,zh-CN
PLAS-1 Scorcher,PLAS-1 焦土,zh-CN
Predator Hunter,掠食追猎虫,zh-CN
Predator Strain,掠食变种,zh-CN
Premium Warbond,尊享战争债券,zh-CN
Primary Weapons,主要武器,zh-CN
Punisher Plasma,等离子“制裁者”,zh-CN
Rupture Charger,爆裂强袭虫,zh-CN
Rupture Spewers,爆裂喷涌虫,zh-CN
Rupture Warrior,爆裂武斗虫,zh-CN
Ship Management,舰船管理,zh-CN
SMG-203 Gallant,SMG-203 英勇无畏,zh-CN
SMG-37 Defender,SMG-37 防卫者,zh-CN
SMG-72 Pummeler,SMG-72 暴击斗士,zh-CN
Submachine Guns,冲锋枪,zh-CN
Super Destroyer,超级驱逐舰,zh-CN
Support Weapons,支援武器,zh-CN
TED-63 Dynamite,TED-63 炸药,zh-CN
Truth Enforcers,真理执行者,zh-CN
UF-16 Inspector,UF-16“督察员”,zh-CN
Viper Commandos,毒蛇突击兵,zh-CN
XXL Weapons Bay,XXL号武器舱,zh-CN
Alpha Warriors,阿尔法武斗虫,zh-CN
AR-32 Pacifier,AR-32 安抚者,zh-CN
ARC-12 Blitzer,ARC-12 雷霆,zh-CN
Armor Passives,盔甲被动,zh-CN
Assault Raider,特攻奇袭者,zh-CN
Assault Rifles,突击步枪,zh-CN
AX/LAS-5 Rover,AX/LAS-5 漫游车,zh-CN
Barrager Tanks,铁幕坦克,zh-CN
Bastion MK XVI,堡垒MK XVI,zh-CN
Combat Hatchet,战斗短柄斧,zh-CN
Common Samples,普通样本,zh-CN
CQC-42 Machete,CQC-42 砍刀,zh-CN
Cresting Honor,荣誉之巅,zh-CN
Desert Stormer,沙漠突击者,zh-CN
Double Freedom,双重自由,zh-CN
Drape of Glory,荣光加身,zh-CN
Energy Weapons,能量武器,zh-CN
G-123 Thermite,G-123 铝热弹,zh-CN
G-142 Pyrotech,G-142 烟花术,zh-CN
G/SH-39 Shield,G/SH-39 盾雷,zh-CN
Gatling Sentry,加特林哨戒炮,zh-CN
Grenade Pistol,榴弹手枪,zh-CN
Hulk Scorchers,巨型炙炎者,zh-CN
Invasion Fleet,入侵舰队,zh-CN
LAS-13 Trident,LAS-13 三叉戟,zh-CN
M-1000 Maxigun,M-1000 重装机枪,zh-CN
M-105 Stalwart,M-105 盟友,zh-CN
Marksman Rifle,精确射手步枪,zh-CN
MD-8 Gas Mines,MD-8 毒气地雷,zh-CN
Missile Pistol,制导手枪,zh-CN
Nursing Spewer,抚育喷涌虫,zh-CN
P-2 Peacemaker,P-2 和平制造者,zh-CN
Polar Patriots,极地爱国者,zh-CN
Power Steering,电动转向,zh-CN
Primary Weapon,主要武器,zh-CN
R-63 Diligence,R-63 勤勉,zh-CN
Rocket Raiders,火箭奇袭者,zh-CN
RS-422 Railgun,RS-422 磁轨炮,zh-CN
Rupture Spewer,爆裂喷涌虫,zh-CN
Rupture Strain,爆裂变种,zh-CN
Scout Striders,侦察纵步者,zh-CN
SEAF Artillery,超级地球武装部队大炮,zh-CN
Servo-Assisted,伺服辅助,zh-CN
SG-225 Breaker,SG-225 破裂者,zh-CN
SG-451 Cookout,SG-451 野炊,zh-CN
Shredder Tanks,碎裂坦克,zh-CN
Siege Breakers,破围先锋,zh-CN
Spore Chargers,孢子强袭虫,zh-CN
Submachine Gun,冲锋枪,zh-CN
Support Weapon,支援武器,zh-CN
Tectonic Drill,地壳钻机,zh-CN
The Illuminate,光能者,zh-CN
Throwing Knife,飞刀,zh-CN
TM-1 Lure Mine,TM-1 诱饵地雷,zh-CN
VG-70 Variable,VG-70 变数,zh-CN
Vote Snatchers,窃票者,zh-CN
40-K Meltagun,40-K 热熔枪,zh-CN
AC-2 Obedient,AC-2“服从指挥”,zh-CN
Alpha Warrior,阿尔法武斗虫,zh-CN
Appropriators,占领者,zh-CN
Armor Passive,盔甲被动,zh-CN
Assault Rifle,突击步枪,zh-CN
B-01 Tactical,B-01 “战术”,zh-CN
Barrager Tank,铁幕坦克,zh-CN
Bile Spitters,胆汁吐沫虫,zh-CN
Bile Warriors,胆汁武斗虫,zh-CN
CE-74 Breaker,CE-74“破裂者”,zh-CN
Common Sample,普通样本,zh-CN
Control Group,变量控制,zh-CN
Cyborg Legion,生化人军团,zh-CN
Dragonroaches,蟑龙,zh-CN
Eagle Strikes,飞鹰攻击,zh-CN
Energy Weapon,能量武器,zh-CN
Extra Padding,额外垫料,zh-CN
FS-37 Ravager,FS-37“破坏者”,zh-CN
G-7 Pineapple,G-7 菠萝,zh-CN
HELLDIVERS™ 2,绝地潜兵2,zh-CN
Hulk Bruisers,巨型碾压者,zh-CN
Hulk Scorcher,巨型炙炎者,zh-CN
LAS-16 Sickle,LAS-16 镰刀,zh-CN
Mortar Sentry,迫击哨戒炮,zh-CN
Nuclear Radar,核动力雷达,zh-CN
One True Flag,唯一真旗,zh-CN
Orbital Laser,轨道激光炮,zh-CN
P-113 Verdict,P-113 裁决,zh-CN
P-19 Redeemer,P-19 救世主,zh-CN
Peak Physique,健壮体格,zh-CN
PH-9 Predator,PH-9“掠食者”,zh-CN
PLAS-45 Epoch,PLAS-45 纪元,zh-CN
Pyro Troopers,炙焰装甲兵,zh-CN
Quasar Cannon,类星体加农炮,zh-CN
R-2 Amendment,R-2 修正,zh-CN
Rocket Raider,火箭奇袭者,zh-CN
Rocket Sentry,火箭哨戒炮,zh-CN
S-11 Speargun,S-11 矛枪,zh-CN
Scout Strider,侦察纵步者,zh-CN
SEAF Soldiers,超级地球武装部队战士,zh-CN
Seismic Probe,地震探测仪,zh-CN
SG-8 Punisher,SG-8 制裁者,zh-CN
SG-8S Slugger,SG-8S 重炮手,zh-CN
SG-97 Sweeper,SG-97 扫荡者,zh-CN
Shredder Tank,碎裂坦克,zh-CN
Spore Charger,孢子强袭虫,zh-CN
Super Credits,超级货币,zh-CN
Super Samples,超级样本,zh-CN
Tyrant Hunter,猎暴人,zh-CN
Urban Legends,都市传奇,zh-CN
B/MD C4 Pack,B/MD C4背包,zh-CN
Bile Spewers,胆汁喷涌虫,zh-CN
Bile Spitter,胆汁吐沫虫,zh-CN
Bile Warrior,胆汁武斗虫,zh-CN
Bullet Storm,子弹风暴,zh-CN
Cutting Edge,遥遥领先,zh-CN
Emplacements,防御工事,zh-CN
FAF-14 Spear,FAF-14 飞矛,zh-CN
Flame Sentry,火焰喷射哨戒炮,zh-CN
Force of Law,法律铁腕,zh-CN
G-109 Urchin,G-109 海胆,zh-CN
Galactic War,星系战争,zh-CN
Giga Grenade,千兆,zh-CN
Helldivers 2,绝地潜兵2,zh-CN
Hulk Bruiser,巨型碾压者,zh-CN
Judgment Day,审判日,zh-CN
LAS-5 Scythe,LAS-5 长柄镰,zh-CN
LAS-58 Talon,LAS-58 猛爪,zh-CN
LAS-7 Dagger,LAS-7 匕首,zh-CN
Laser Cannon,激光大炮,zh-CN
Laser Sentry,激光哨戒炮,zh-CN
M90A Shotgun,M90A 霰弹枪,zh-CN
Major Orders,重要指令,zh-CN
Martyris Rex,殉道之王,zh-CN
Medium Armor,中型盔甲,zh-CN
MP-98 Knight,MP-98 骑士,zh-CN
P-72 Crisper,P-72 迅击,zh-CN
P-92 Warrant,P-92 法令,zh-CN
Pyro Trooper,炙焰装甲兵,zh-CN
R-36 Eruptor,R-36 爆裂铳,zh-CN
Rare Samples,稀有样本,zh-CN
SEAF Soldier,超级地球武装部队战士,zh-CN
Ship Modules,舰船模块,zh-CN
Super Sample,超级样本,zh-CN
TR-62 Knight,TR-62 “骑士”,zh-CN
War Striders,战争纵步者,zh-CN
AR-2 Coyote,AR-2 野狼,zh-CN
Arc Thrower,电弧发射器,zh-CN
Bile Spewer,胆汁喷涌虫,zh-CN
Bile Titans,吐酸泰坦,zh-CN
CE-67 Titan,CE-67“泰坦”,zh-CN
CQC-2 Saber,CQC-2 军刀,zh-CN
Devastators,蹂躏者,zh-CN
Dragonroach,蟑龙,zh-CN
Dust Devils,尘卷风,zh-CN
Eagle Rearm,重新武装“飞鹰”,zh-CN
Element 710,710元素,zh-CN
Exo Experts,外骨骼装甲专家,zh-CN
G-16 Impact,G-16 冲击弹,zh-CN
G-50 Seeker,G-50 寻踪者,zh-CN
Gatekeepers,御门者,zh-CN
Heavy Armor,重型盔甲,zh-CN
Hive Guards,虫窝护卫,zh-CN
Inflammable,易燃易爆,zh-CN
Jet Brigade,喷气旅,zh-CN
Light Armor,轻型盔甲,zh-CN
Machine Gun,机枪,zh-CN
Major Order,重要指令,zh-CN
P-4 Senator,P-4 参议员,zh-CN
R-6 Deadeye,R-6 鹰眼,zh-CN
R-72 Censor,R-72 审查官,zh-CN
Rare Sample,稀有样本,zh-CN
Ship Module,舰船模块,zh-CN
Siege-Ready,蓄势出击,zh-CN
Stim Pistol,治疗剂手枪,zh-CN
Super Earth,超级地球,zh-CN
Super Store,超级商店,zh-CN
Supply Pack,补给背包,zh-CN
Tesla Tower,特斯拉塔,zh-CN
Unflinching,毫不畏缩,zh-CN
Upload Data,上传数据,zh-CN
Vox Engines,噪轰引擎,zh-CN
War Strider,战争纵步者,zh-CN
Acclimated,应变自如,zh-CN
Automatons,机器人,zh-CN
Berserkers,狂暴者,zh-CN
Bile Titan,吐酸泰坦,zh-CN
Commissars,机械统帅,zh-CN
Devastator,蹂躏者,zh-CN
Difficulty,难度,zh-CN
Dog Breath,腐息,zh-CN
Experience,经验值,zh-CN
Feet First,护腿为上,zh-CN
Foesmasher,歼敌战士,zh-CN
Gatekeeper,御门者,zh-CN
Gunslinger,神枪手,zh-CN
Hand Carts,手推车,zh-CN
Harvesters,猎杀器,zh-CN
Helldivers,绝地潜兵,zh-CN
Hive Guard,虫窝护卫,zh-CN
Hive Lords,霸王虫,zh-CN
Hover Pack,悬浮背包,zh-CN
Illuminate,光能者,zh-CN
Leviathans,利维坦,zh-CN
MG Raiders,机枪奇袭者,zh-CN
Oxygenator,供氧器,zh-CN
Rock Solid,坚如磐石,zh-CN
Scavengers,食腐虫,zh-CN
SG-20 Halt,SG-20 止息,zh-CN
SoS Beacon,S.O.S.求救信标,zh-CN
StA-11 SMG,StA-11 冲锋枪,zh-CN
Sterilizer,灭菌器,zh-CN
Stratagems,战略配备,zh-CN
Stun Baton,眩晕短棍,zh-CN
Stun Lance,眩晕长矛,zh-CN
Superstore,超级商店,zh-CN
Supply FRV,补给型快速侦察载具,zh-CN
Tenderizer,肉锤,zh-CN
Tideturner,力挽狂澜,zh-CN
Veracitors,证真者,zh-CN
Vox Engine,噪轰引擎,zh-CN
Warp Ships,穿梭舰,zh-CN
Agitators,惑乱者,zh-CN
Backpacks,背包,zh-CN
Berserker,狂暴者,zh-CN
Botslayer,机械屠戮者,zh-CN
Civilians,平民,zh-CN
Commissar,机械统帅,zh-CN
Cosmetics,装饰,zh-CN
Diligence,勤勉,zh-CN
Dominator,主宰,zh-CN
Dropships,运输舰,zh-CN
Fleshmobs,肉瘤体,zh-CN
Fortified,强化,zh-CN
G-23 Stun,G-23 眩晕弹,zh-CN
G-3 Smoke,G-3 烟雾弹,zh-CN
Gas Mines,毒气地雷,zh-CN
Guard Dog,“护卫犬”,zh-CN
Harvester,猎杀器,zh-CN
Helldiver,绝地潜兵,zh-CN
Hive Lord,霸王虫,zh-CN
Jump Pack,喷射背包,zh-CN
Leviathan,利维坦,zh-CN
Liberator,解放者,zh-CN
Lure Mine,诱饵地雷,zh-CN
Marauders,劫掠者,zh-CN
MG Raider,机枪奇袭者,zh-CN
More Guns,增强枪炮火力,zh-CN
Obtruders,突入者,zh-CN
Overseers,监视者,zh-CN
P-69 Veto,P-69 否决者,zh-CN
R-4 Hyena,R-4 鬣狗,zh-CN
Reinforce,增援,zh-CN
Scavenger,食腐虫,zh-CN
Shriekers,尖啸虫,zh-CN
Solo Silo,单兵导弹发射井,zh-CN
Stingrays,刺魟,zh-CN
Stratagem,战略配备,zh-CN
Terminids,终结族,zh-CN
True Grit,坚韧不拔,zh-CN
Veracitor,证真者,zh-CN
Warp Pack,传送背包,zh-CN
Warp Ship,穿梭舰,zh-CN
Agitator,惑乱者,zh-CN
Boosters,强化资源,zh-CN
Brawlers,乱斗者,zh-CN
Chargers,强袭虫,zh-CN
Civilian,平民,zh-CN
Crushers,粉碎者,zh-CN
Dropship,运输舰,zh-CN
Fleshmob,肉瘤体,zh-CN
G-31 Arc,G-31 电弧,zh-CN
G-6 Frag,G-6 破片弹,zh-CN
Gunships,炮舰,zh-CN
Hellbomb,地狱火炸弹,zh-CN
Impalers,穿刺虫,zh-CN
Leveller,荡平者,zh-CN
Marauder,劫掠者,zh-CN
Missions,任务,zh-CN
Obtruder,突入者,zh-CN
Overseer,监视者,zh-CN
Pouncers,猛扑虫,zh-CN
Punisher,制裁者,zh-CN
Radicals,激进先锋,zh-CN
Resupply,重新补给,zh-CN
Sentries,哨戒炮,zh-CN
Shotguns,霰弹枪,zh-CN
Shrieker,尖啸虫,zh-CN
Stalkers,追踪虫,zh-CN
Stingray,刺魟,zh-CN
Terminid,终结族,zh-CN
Troopers,装甲兵,zh-CN
Vehicles,载具,zh-CN
Voteless,无票者,zh-CN
Warbonds,战争债券,zh-CN
Warriors,武斗虫,zh-CN
Watchers,守望者,zh-CN
Wretches,悲怜体,zh-CN
Blitzer,雷霆,zh-CN
Brawler,乱斗者,zh-CN
Breaker,破裂者,zh-CN
Charger,强袭虫,zh-CN
Crusher,粉碎者,zh-CN
Eruptor,爆裂铳,zh-CN
G-4 Gas,G-4 毒气榴弹,zh-CN
Gunship,炮舰,zh-CN
Hellpod,绝地喷射舱,zh-CN
Hot Dog,热狗,zh-CN
Hunters,追猎虫,zh-CN
Impaler,穿刺虫,zh-CN
M7S SMG,M7S 冲锋枪,zh-CN
Maxigun,重装机枪,zh-CN
Med-Kit,急救包,zh-CN
Mission,任务,zh-CN
Pouncer,猛扑虫,zh-CN
Radical,激进先锋,zh-CN
Samples,样本,zh-CN
Shotgun,霰弹枪,zh-CN
Slugger,重炮手,zh-CN
Stalker,追踪虫,zh-CN
Torcher,火炬手,zh-CN
Trooper,装甲兵,zh-CN
Warbond,战争债券,zh-CN
Warrior,武斗虫,zh-CN
Watcher,守望者,zh-CN
Armory,军械库,zh-CN
Biomes,生物群落,zh-CN
Bridge,舰桥,zh-CN
Damage,伤害,zh-CN
Helmet,头盔,zh-CN
Hunter,追猎虫,zh-CN
Medals,奖章,zh-CN
Recoil,后坐力,zh-CN
Sample,样本,zh-CN
Wretch,悲怜体,zh-CN
Armor,盔甲,zh-CN
E-710,E-710,zh-CN
Medal,奖章,zh-CN
Scout,侦察,zh-CN
SEAF,超级地球武装部队,zh-CN
